deltas,alphas,results
1,1,0.030000000000000027
2,1,0.07399999999999995
3,1,0.07399999999999995
4,1,0.07399999999999995
5,1,0.07399999999999995
6,1,0.07399999999999995
7,1,0.07399999999999995
8,1,0.07399999999999995
9,1,0.07399999999999995
10,1,0.07399999999999995
11,1,0.07399999999999995
12,1,0.07399999999999995
13,1,0.07399999999999995
14,1,0.07399999999999995
15,1,0.07399999999999995
16,1,0.07399999999999995
17,1,0.07399999999999995
18,1,0.07399999999999995
19,1,0.07399999999999995
20,1,0.07399999999999995
21,1,0.07399999999999995
22,1,0.07399999999999995
23,1,0.07399999999999995
24,1,0.07399999999999995
25,1,0.07399999999999995
26,1,0.07399999999999995
27,1,0.07399999999999995
28,1,0.07399999999999995
29,1,0.07399999999999995
30,1,0.07399999999999995
31,1,0.07399999999999995
32,1,0.07399999999999995
33,1,0.07399999999999995
34,1,0.07399999999999995
35,1,0.07399999999999995
36,1,0.07399999999999995
37,1,0.07399999999999995
38,1,0.07399999999999995
39,1,0.07399999999999995
40,1,0.07399999999999995
41,1,0.07399999999999995
42,1,0.07399999999999995
43,1,0.07399999999999995
44,1,0.07399999999999995
45,1,0.07399999999999995
46,1,0.07399999999999995
47,1,0.07399999999999995
48,1,0.07399999999999995
49,1,0.07399999999999995
50,1,0.07399999999999995
1,2,0.03700000000000003
2,2,0.030000000000000027
3,2,0.07399999999999995
4,2,0.07399999999999995
5,2,0.07399999999999995
6,2,0.07399999999999995
7,2,0.07399999999999995
8,2,0.07399999999999995
9,2,0.07399999999999995
10,2,0.07399999999999995
11,2,0.07399999999999995
12,2,0.07399999999999995
13,2,0.07399999999999995
14,2,0.07399999999999995
15,2,0.07399999999999995
16,2,0.07399999999999995
17,2,0.07399999999999995
18,2,0.07399999999999995
19,2,0.07399999999999995
20,2,0.07399999999999995
21,2,0.07399999999999995
22,2,0.07399999999999995
23,2,0.07399999999999995
24,2,0.07399999999999995
25,2,0.07399999999999995
26,2,0.07399999999999995
27,2,0.07399999999999995
28,2,0.07399999999999995
29,2,0.07399999999999995
30,2,0.07399999999999995
31,2,0.07399999999999995
32,2,0.07399999999999995
33,2,0.07399999999999995
34,2,0.07399999999999995
35,2,0.07399999999999995
36,2,0.07399999999999995
37,2,0.07399999999999995
38,2,0.07399999999999995
39,2,0.07399999999999995
40,2,0.07399999999999995
41,2,0.07399999999999995
42,2,0.07399999999999995
43,2,0.07399999999999995
44,2,0.07399999999999995
45,2,0.07399999999999995
46,2,0.07399999999999995
47,2,0.07399999999999995
48,2,0.07399999999999995
49,2,0.07399999999999995
50,2,0.07399999999999995
1,3,0.03700000000000003
2,3,0.03700000000000003
3,3,0.030000000000000027
4,3,0.07399999999999995
5,3,0.07399999999999995
6,3,0.07399999999999995
7,3,0.07399999999999995
8,3,0.07399999999999995
9,3,0.07399999999999995
10,3,0.07399999999999995
11,3,0.07399999999999995
12,3,0.07399999999999995
13,3,0.07399999999999995
14,3,0.07399999999999995
15,3,0.07399999999999995
16,3,0.07399999999999995
17,3,0.07399999999999995
18,3,0.07399999999999995
19,3,0.07399999999999995
20,3,0.07399999999999995
21,3,0.07399999999999995
22,3,0.07399999999999995
23,3,0.07399999999999995
24,3,0.07399999999999995
25,3,0.07399999999999995
26,3,0.07399999999999995
27,3,0.07399999999999995
28,3,0.07399999999999995
29,3,0.07399999999999995
30,3,0.07399999999999995
31,3,0.07399999999999995
32,3,0.07399999999999995
33,3,0.07399999999999995
34,3,0.07399999999999995
35,3,0.07399999999999995
36,3,0.07399999999999995
37,3,0.07399999999999995
38,3,0.07399999999999995
39,3,0.07399999999999995
40,3,0.07399999999999995
41,3,0.07399999999999995
42,3,0.07399999999999995
43,3,0.07399999999999995
44,3,0.07399999999999995
45,3,0.07399999999999995
46,3,0.07399999999999995
47,3,0.07399999999999995
48,3,0.07399999999999995
49,3,0.07399999999999995
50,3,0.07399999999999995
1,4,0.03700000000000003
2,4,0.03700000000000003
3,4,0.03700000000000003
4,4,0.030000000000000027
5,4,0.07399999999999995
6,4,0.07399999999999995
7,4,0.07399999999999995
8,4,0.07399999999999995
9,4,0.07399999999999995
10,4,0.07399999999999995
11,4,0.07399999999999995
12,4,0.07399999999999995
13,4,0.07399999999999995
14,4,0.07399999999999995
15,4,0.07399999999999995
16,4,0.07399999999999995
17,4,0.07399999999999995
18,4,0.07399999999999995
19,4,0.07399999999999995
20,4,0.07399999999999995
21,4,0.07399999999999995
22,4,0.07399999999999995
23,4,0.07399999999999995
24,4,0.07399999999999995
25,4,0.07399999999999995
26,4,0.07399999999999995
27,4,0.07399999999999995
28,4,0.07399999999999995
29,4,0.07399999999999995
30,4,0.07399999999999995
31,4,0.07399999999999995
32,4,0.07399999999999995
33,4,0.07399999999999995
34,4,0.07399999999999995
35,4,0.07399999999999995
36,4,0.07399999999999995
37,4,0.07399999999999995
38,4,0.07399999999999995
39,4,0.07399999999999995
40,4,0.07399999999999995
41,4,0.07399999999999995
42,4,0.07399999999999995
43,4,0.07399999999999995
44,4,0.07399999999999995
45,4,0.07399999999999995
46,4,0.07399999999999995
47,4,0.07399999999999995
48,4,0.07399999999999995
49,4,0.07399999999999995
50,4,0.07399999999999995
1,5,0.03700000000000003
2,5,0.03700000000000003
3,5,0.03700000000000003
4,5,0.03700000000000003
5,5,0.030000000000000027
6,5,0.07399999999999995
7,5,0.07399999999999995
8,5,0.07399999999999995
9,5,0.07399999999999995
10,5,0.07399999999999995
11,5,0.07399999999999995
12,5,0.07399999999999995
13,5,0.07399999999999995
14,5,0.07399999999999995
15,5,0.07399999999999995
16,5,0.07399999999999995
17,5,0.07399999999999995
18,5,0.07399999999999995
19,5,0.07399999999999995
20,5,0.07399999999999995
21,5,0.07399999999999995
22,5,0.07399999999999995
23,5,0.07399999999999995
24,5,0.07399999999999995
25,5,0.07399999999999995
26,5,0.07399999999999995
27,5,0.07399999999999995
28,5,0.07399999999999995
29,5,0.07399999999999995
30,5,0.07399999999999995
31,5,0.07399999999999995
32,5,0.07399999999999995
33,5,0.07399999999999995
34,5,0.07399999999999995
35,5,0.07399999999999995
36,5,0.07399999999999995
37,5,0.07399999999999995
38,5,0.07399999999999995
39,5,0.07399999999999995
40,5,0.07399999999999995
41,5,0.07399999999999995
42,5,0.07399999999999995
43,5,0.07399999999999995
44,5,0.07399999999999995
45,5,0.07399999999999995
46,5,0.07399999999999995
47,5,0.07399999999999995
48,5,0.07399999999999995
49,5,0.07399999999999995
50,5,0.07399999999999995
1,6,0.03700000000000003
2,6,0.03700000000000003
3,6,0.03700000000000003
4,6,0.03700000000000003
5,6,0.03700000000000003
6,6,0.030000000000000027
7,6,0.07399999999999995
8,6,0.07399999999999995
9,6,0.07399999999999995
10,6,0.07399999999999995
11,6,0.07399999999999995
12,6,0.07399999999999995
13,6,0.07399999999999995
14,6,0.07399999999999995
15,6,0.07399999999999995
16,6,0.07399999999999995
17,6,0.07399999999999995
18,6,0.07399999999999995
19,6,0.07399999999999995
20,6,0.07399999999999995
21,6,0.07399999999999995
22,6,0.07399999999999995
23,6,0.07399999999999995
24,6,0.07399999999999995
25,6,0.07399999999999995
26,6,0.07399999999999995
27,6,0.07399999999999995
28,6,0.07399999999999995
29,6,0.07399999999999995
30,6,0.07399999999999995
31,6,0.07399999999999995
32,6,0.07399999999999995
33,6,0.07399999999999995
34,6,0.07399999999999995
35,6,0.07399999999999995
36,6,0.07399999999999995
37,6,0.07399999999999995
38,6,0.07399999999999995
39,6,0.07399999999999995
40,6,0.07399999999999995
41,6,0.07399999999999995
42,6,0.07399999999999995
43,6,0.07399999999999995
44,6,0.07399999999999995
45,6,0.07399999999999995
46,6,0.07399999999999995
47,6,0.07399999999999995
48,6,0.07399999999999995
49,6,0.07399999999999995
50,6,0.07399999999999995
1,7,0.03700000000000003
2,7,0.03700000000000003
3,7,0.03700000000000003
4,7,0.03700000000000003
5,7,0.03700000000000003
6,7,0.03700000000000003
7,7,0.030000000000000027
8,7,0.07399999999999995
9,7,0.07399999999999995
10,7,0.07399999999999995
11,7,0.07399999999999995
12,7,0.07399999999999995
13,7,0.07399999999999995
14,7,0.07399999999999995
15,7,0.07399999999999995
16,7,0.07399999999999995
17,7,0.07399999999999995
18,7,0.07399999999999995
19,7,0.07399999999999995
20,7,0.07399999999999995
21,7,0.07399999999999995
22,7,0.07399999999999995
23,7,0.07399999999999995
24,7,0.07399999999999995
25,7,0.07399999999999995
26,7,0.07399999999999995
27,7,0.07399999999999995
28,7,0.07399999999999995
29,7,0.07399999999999995
30,7,0.07399999999999995
31,7,0.07399999999999995
32,7,0.07399999999999995
33,7,0.07399999999999995
34,7,0.07399999999999995
35,7,0.07399999999999995
36,7,0.07399999999999995
37,7,0.07399999999999995
38,7,0.07399999999999995
39,7,0.07399999999999995
40,7,0.07399999999999995
41,7,0.07399999999999995
42,7,0.07399999999999995
43,7,0.07399999999999995
44,7,0.07399999999999995
45,7,0.07399999999999995
46,7,0.07399999999999995
47,7,0.07399999999999995
48,7,0.07399999999999995
49,7,0.07399999999999995
50,7,0.07399999999999995
1,8,0.03700000000000003
2,8,0.03700000000000003
3,8,0.03700000000000003
4,8,0.03700000000000003
5,8,0.03700000000000003
6,8,0.03700000000000003
7,8,0.03700000000000003
8,8,0.030000000000000027
9,8,0.07399999999999995
10,8,0.07399999999999995
11,8,0.07399999999999995
12,8,0.07399999999999995
13,8,0.07399999999999995
14,8,0.07399999999999995
15,8,0.07399999999999995
16,8,0.07399999999999995
17,8,0.07399999999999995
18,8,0.07399999999999995
19,8,0.07399999999999995
20,8,0.07399999999999995
21,8,0.07399999999999995
22,8,0.07399999999999995
23,8,0.07399999999999995
24,8,0.07399999999999995
25,8,0.07399999999999995
26,8,0.07399999999999995
27,8,0.07399999999999995
28,8,0.07399999999999995
29,8,0.07399999999999995
30,8,0.07399999999999995
31,8,0.07399999999999995
32,8,0.07399999999999995
33,8,0.07399999999999995
34,8,0.07399999999999995
35,8,0.07399999999999995
36,8,0.07399999999999995
37,8,0.07399999999999995
38,8,0.07399999999999995
39,8,0.07399999999999995
40,8,0.07399999999999995
41,8,0.07399999999999995
42,8,0.07399999999999995
43,8,0.07399999999999995
44,8,0.07399999999999995
45,8,0.07399999999999995
46,8,0.07399999999999995
47,8,0.07399999999999995
48,8,0.07399999999999995
49,8,0.07399999999999995
50,8,0.07399999999999995
1,9,0.03700000000000003
2,9,0.03700000000000003
3,9,0.03700000000000003
4,9,0.03700000000000003
5,9,0.03700000000000003
6,9,0.03700000000000003
7,9,0.03700000000000003
8,9,0.03700000000000003
9,9,0.030000000000000027
10,9,0.07399999999999995
11,9,0.07399999999999995
12,9,0.07399999999999995
13,9,0.07399999999999995
14,9,0.07399999999999995
15,9,0.07399999999999995
16,9,0.07399999999999995
17,9,0.07399999999999995
18,9,0.07399999999999995
19,9,0.07399999999999995
20,9,0.07399999999999995
21,9,0.07399999999999995
22,9,0.07399999999999995
23,9,0.07399999999999995
24,9,0.07399999999999995
25,9,0.07399999999999995
26,9,0.07399999999999995
27,9,0.07399999999999995
28,9,0.07399999999999995
29,9,0.07399999999999995
30,9,0.07399999999999995
31,9,0.07399999999999995
32,9,0.07399999999999995
33,9,0.07399999999999995
34,9,0.07399999999999995
35,9,0.07399999999999995
36,9,0.07399999999999995
37,9,0.07399999999999995
38,9,0.07399999999999995
39,9,0.07399999999999995
40,9,0.07399999999999995
41,9,0.07399999999999995
42,9,0.07399999999999995
43,9,0.07399999999999995
44,9,0.07399999999999995
45,9,0.07399999999999995
46,9,0.07399999999999995
47,9,0.07399999999999995
48,9,0.07399999999999995
49,9,0.07399999999999995
50,9,0.07399999999999995
1,10,0.03700000000000003
2,10,0.03700000000000003
3,10,0.03700000000000003
4,10,0.03700000000000003
5,10,0.03700000000000003
6,10,0.03700000000000003
7,10,0.03700000000000003
8,10,0.03700000000000003
9,10,0.03700000000000003
10,10,0.030000000000000027
11,10,0.07399999999999995
12,10,0.07399999999999995
13,10,0.07399999999999995
14,10,0.07399999999999995
15,10,0.07399999999999995
16,10,0.07399999999999995
17,10,0.07399999999999995
18,10,0.07399999999999995
19,10,0.07399999999999995
20,10,0.07399999999999995
21,10,0.07399999999999995
22,10,0.07399999999999995
23,10,0.07399999999999995
24,10,0.07399999999999995
25,10,0.07399999999999995
26,10,0.07399999999999995
27,10,0.07399999999999995
28,10,0.07399999999999995
29,10,0.07399999999999995
30,10,0.07399999999999995
31,10,0.07399999999999995
32,10,0.07399999999999995
33,10,0.07399999999999995
34,10,0.07399999999999995
35,10,0.07399999999999995
36,10,0.07399999999999995
37,10,0.07399999999999995
38,10,0.07399999999999995
39,10,0.07399999999999995
40,10,0.07399999999999995
41,10,0.07399999999999995
42,10,0.07399999999999995
43,10,0.07399999999999995
44,10,0.07399999999999995
45,10,0.07399999999999995
46,10,0.07399999999999995
47,10,0.07399999999999995
48,10,0.07399999999999995
49,10,0.07399999999999995
50,10,0.07399999999999995
1,11,0.03700000000000003
2,11,0.03700000000000003
3,11,0.03700000000000003
4,11,0.03700000000000003
5,11,0.03700000000000003
6,11,0.03700000000000003
7,11,0.03700000000000003
8,11,0.03700000000000003
9,11,0.03700000000000003
10,11,0.03700000000000003
11,11,0.030000000000000027
12,11,0.07399999999999995
13,11,0.07399999999999995
14,11,0.07399999999999995
15,11,0.07399999999999995
16,11,0.07399999999999995
17,11,0.07399999999999995
18,11,0.07399999999999995
19,11,0.07399999999999995
20,11,0.07399999999999995
21,11,0.07399999999999995
22,11,0.07399999999999995
23,11,0.07399999999999995
24,11,0.07399999999999995
25,11,0.07399999999999995
26,11,0.07399999999999995
27,11,0.07399999999999995
28,11,0.07399999999999995
29,11,0.07399999999999995
30,11,0.07399999999999995
31,11,0.07399999999999995
32,11,0.07399999999999995
33,11,0.07399999999999995
34,11,0.07399999999999995
35,11,0.07399999999999995
36,11,0.07399999999999995
37,11,0.07399999999999995
38,11,0.07399999999999995
39,11,0.07399999999999995
40,11,0.07399999999999995
41,11,0.07399999999999995
42,11,0.07399999999999995
43,11,0.07399999999999995
44,11,0.07399999999999995
45,11,0.07399999999999995
46,11,0.07399999999999995
47,11,0.07399999999999995
48,11,0.07399999999999995
49,11,0.07399999999999995
50,11,0.07399999999999995
1,12,0.03700000000000003
2,12,0.03700000000000003
3,12,0.03700000000000003
4,12,0.03700000000000003
5,12,0.03700000000000003
6,12,0.03700000000000003
7,12,0.03700000000000003
8,12,0.03700000000000003
9,12,0.03700000000000003
10,12,0.03700000000000003
11,12,0.03700000000000003
12,12,0.030000000000000027
13,12,0.07399999999999995
14,12,0.07399999999999995
15,12,0.07399999999999995
16,12,0.07399999999999995
17,12,0.07399999999999995
18,12,0.07399999999999995
19,12,0.07399999999999995
20,12,0.07399999999999995
21,12,0.07399999999999995
22,12,0.07399999999999995
23,12,0.07399999999999995
24,12,0.07399999999999995
25,12,0.07399999999999995
26,12,0.07399999999999995
27,12,0.07399999999999995
28,12,0.07399999999999995
29,12,0.07399999999999995
30,12,0.07399999999999995
31,12,0.07399999999999995
32,12,0.07399999999999995
33,12,0.07399999999999995
34,12,0.07399999999999995
35,12,0.07399999999999995
36,12,0.07399999999999995
37,12,0.07399999999999995
38,12,0.07399999999999995
39,12,0.07399999999999995
40,12,0.07399999999999995
41,12,0.07399999999999995
42,12,0.07399999999999995
43,12,0.07399999999999995
44,12,0.07399999999999995
45,12,0.07399999999999995
46,12,0.07399999999999995
47,12,0.07399999999999995
48,12,0.07399999999999995
49,12,0.07399999999999995
50,12,0.07399999999999995
1,13,0.03700000000000003
2,13,0.03700000000000003
3,13,0.03700000000000003
4,13,0.03700000000000003
5,13,0.03700000000000003
6,13,0.03700000000000003
7,13,0.03700000000000003
8,13,0.03700000000000003
9,13,0.03700000000000003
10,13,0.03700000000000003
11,13,0.03700000000000003
12,13,0.03700000000000003
13,13,0.030000000000000027
14,13,0.07399999999999995
15,13,0.07399999999999995
16,13,0.07399999999999995
17,13,0.07399999999999995
18,13,0.07399999999999995
19,13,0.07399999999999995
20,13,0.07399999999999995
21,13,0.07399999999999995
22,13,0.07399999999999995
23,13,0.07399999999999995
24,13,0.07399999999999995
25,13,0.07399999999999995
26,13,0.07399999999999995
27,13,0.07399999999999995
28,13,0.07399999999999995
29,13,0.07399999999999995
30,13,0.07399999999999995
31,13,0.07399999999999995
32,13,0.07399999999999995
33,13,0.07399999999999995
34,13,0.07399999999999995
35,13,0.07399999999999995
36,13,0.07399999999999995
37,13,0.07399999999999995
38,13,0.07399999999999995
39,13,0.07399999999999995
40,13,0.07399999999999995
41,13,0.07399999999999995
42,13,0.07399999999999995
43,13,0.07399999999999995
44,13,0.07399999999999995
45,13,0.07399999999999995
46,13,0.07399999999999995
47,13,0.07399999999999995
48,13,0.07399999999999995
49,13,0.07399999999999995
50,13,0.07399999999999995
1,14,0.03700000000000003
2,14,0.03700000000000003
3,14,0.03700000000000003
4,14,0.03700000000000003
5,14,0.03700000000000003
6,14,0.03700000000000003
7,14,0.03700000000000003
8,14,0.03700000000000003
9,14,0.03700000000000003
10,14,0.03700000000000003
11,14,0.03700000000000003
12,14,0.03700000000000003
13,14,0.03700000000000003
14,14,0.030000000000000027
15,14,0.07399999999999995
16,14,0.07399999999999995
17,14,0.07399999999999995
18,14,0.07399999999999995
19,14,0.07399999999999995
20,14,0.07399999999999995
21,14,0.07399999999999995
22,14,0.07399999999999995
23,14,0.07399999999999995
24,14,0.07399999999999995
25,14,0.07399999999999995
26,14,0.07399999999999995
27,14,0.07399999999999995
28,14,0.07399999999999995
29,14,0.07399999999999995
30,14,0.07399999999999995
31,14,0.07399999999999995
32,14,0.07399999999999995
33,14,0.07399999999999995
34,14,0.07399999999999995
35,14,0.07399999999999995
36,14,0.07399999999999995
37,14,0.07399999999999995
38,14,0.07399999999999995
39,14,0.07399999999999995
40,14,0.07399999999999995
41,14,0.07399999999999995
42,14,0.07399999999999995
43,14,0.07399999999999995
44,14,0.07399999999999995
45,14,0.07399999999999995
46,14,0.07399999999999995
47,14,0.07399999999999995
48,14,0.07399999999999995
49,14,0.07399999999999995
50,14,0.07399999999999995
1,15,0.03700000000000003
2,15,0.03700000000000003
3,15,0.03700000000000003
4,15,0.03700000000000003
5,15,0.03700000000000003
6,15,0.03700000000000003
7,15,0.03700000000000003
8,15,0.03700000000000003
9,15,0.03700000000000003
10,15,0.03700000000000003
11,15,0.03700000000000003
12,15,0.03700000000000003
13,15,0.03700000000000003
14,15,0.03700000000000003
15,15,0.030000000000000027
16,15,0.07399999999999995
17,15,0.07399999999999995
18,15,0.07399999999999995
19,15,0.07399999999999995
20,15,0.07399999999999995
21,15,0.07399999999999995
22,15,0.07399999999999995
23,15,0.07399999999999995
24,15,0.07399999999999995
25,15,0.07399999999999995
26,15,0.07399999999999995
27,15,0.07399999999999995
28,15,0.07399999999999995
29,15,0.07399999999999995
30,15,0.07399999999999995
31,15,0.07399999999999995
32,15,0.07399999999999995
33,15,0.07399999999999995
34,15,0.07399999999999995
35,15,0.07399999999999995
36,15,0.07399999999999995
37,15,0.07399999999999995
38,15,0.07399999999999995
39,15,0.07399999999999995
40,15,0.07399999999999995
41,15,0.07399999999999995
42,15,0.07399999999999995
43,15,0.07399999999999995
44,15,0.07399999999999995
45,15,0.07399999999999995
46,15,0.07399999999999995
47,15,0.07399999999999995
48,15,0.07399999999999995
49,15,0.07399999999999995
50,15,0.07399999999999995
1,16,0.03700000000000003
2,16,0.03700000000000003
3,16,0.03700000000000003
4,16,0.03700000000000003
5,16,0.03700000000000003
6,16,0.03700000000000003
7,16,0.03700000000000003
8,16,0.03700000000000003
9,16,0.03700000000000003
10,16,0.03700000000000003
11,16,0.03700000000000003
12,16,0.03700000000000003
13,16,0.03700000000000003
14,16,0.03700000000000003
15,16,0.03700000000000003
16,16,0.030000000000000027
17,16,0.07399999999999995
18,16,0.07399999999999995
19,16,0.07399999999999995
20,16,0.07399999999999995
21,16,0.07399999999999995
22,16,0.07399999999999995
23,16,0.07399999999999995
24,16,0.07399999999999995
25,16,0.07399999999999995
26,16,0.07399999999999995
27,16,0.07399999999999995
28,16,0.07399999999999995
29,16,0.07399999999999995
30,16,0.07399999999999995
31,16,0.07399999999999995
32,16,0.07399999999999995
33,16,0.07399999999999995
34,16,0.07399999999999995
35,16,0.07399999999999995
36,16,0.07399999999999995
37,16,0.07399999999999995
38,16,0.07399999999999995
39,16,0.07399999999999995
40,16,0.07399999999999995
41,16,0.07399999999999995
42,16,0.07399999999999995
43,16,0.07399999999999995
44,16,0.07399999999999995
45,16,0.07399999999999995
46,16,0.07399999999999995
47,16,0.07399999999999995
48,16,0.07399999999999995
49,16,0.07399999999999995
50,16,0.07399999999999995
1,17,0.03700000000000003
2,17,0.03700000000000003
3,17,0.03700000000000003
4,17,0.03700000000000003
5,17,0.03700000000000003
6,17,0.03700000000000003
7,17,0.03700000000000003
8,17,0.03700000000000003
9,17,0.03700000000000003
10,17,0.03700000000000003
11,17,0.03700000000000003
12,17,0.03700000000000003
13,17,0.03700000000000003
14,17,0.03700000000000003
15,17,0.03700000000000003
16,17,0.03700000000000003
17,17,0.030000000000000027
18,17,0.07399999999999995
19,17,0.07399999999999995
20,17,0.07399999999999995
21,17,0.07399999999999995
22,17,0.07399999999999995
23,17,0.07399999999999995
24,17,0.07399999999999995
25,17,0.07399999999999995
26,17,0.07399999999999995
27,17,0.07399999999999995
28,17,0.07399999999999995
29,17,0.07399999999999995
30,17,0.07399999999999995
31,17,0.07399999999999995
32,17,0.07399999999999995
33,17,0.07399999999999995
34,17,0.07399999999999995
35,17,0.07399999999999995
36,17,0.07399999999999995
37,17,0.07399999999999995
38,17,0.07399999999999995
39,17,0.07399999999999995
40,17,0.07399999999999995
41,17,0.07399999999999995
42,17,0.07399999999999995
43,17,0.07399999999999995
44,17,0.07399999999999995
45,17,0.07399999999999995
46,17,0.07399999999999995
47,17,0.07399999999999995
48,17,0.07399999999999995
49,17,0.07399999999999995
50,17,0.07399999999999995
1,18,0.03700000000000003
2,18,0.03700000000000003
3,18,0.03700000000000003
4,18,0.03700000000000003
5,18,0.03700000000000003
6,18,0.03700000000000003
7,18,0.03700000000000003
8,18,0.03700000000000003
9,18,0.03700000000000003
10,18,0.03700000000000003
11,18,0.03700000000000003
12,18,0.03700000000000003
13,18,0.03700000000000003
14,18,0.03700000000000003
15,18,0.03700000000000003
16,18,0.03700000000000003
17,18,0.03700000000000003
18,18,0.030000000000000027
19,18,0.07399999999999995
20,18,0.07399999999999995
21,18,0.07399999999999995
22,18,0.07399999999999995
23,18,0.07399999999999995
24,18,0.07399999999999995
25,18,0.07399999999999995
26,18,0.07399999999999995
27,18,0.07399999999999995
28,18,0.07399999999999995
29,18,0.07399999999999995
30,18,0.07399999999999995
31,18,0.07399999999999995
32,18,0.07399999999999995
33,18,0.07399999999999995
34,18,0.07399999999999995
35,18,0.07399999999999995
36,18,0.07399999999999995
37,18,0.07399999999999995
38,18,0.07399999999999995
39,18,0.07399999999999995
40,18,0.07399999999999995
41,18,0.07399999999999995
42,18,0.07399999999999995
43,18,0.07399999999999995
44,18,0.07399999999999995
45,18,0.07399999999999995
46,18,0.07399999999999995
47,18,0.07399999999999995
48,18,0.07399999999999995
49,18,0.07399999999999995
50,18,0.07399999999999995
1,19,0.03700000000000003
2,19,0.03700000000000003
3,19,0.03700000000000003
4,19,0.03700000000000003
5,19,0.03700000000000003
6,19,0.03700000000000003
7,19,0.03700000000000003
8,19,0.03700000000000003
9,19,0.03700000000000003
10,19,0.03700000000000003
11,19,0.03700000000000003
12,19,0.03700000000000003
13,19,0.03700000000000003
14,19,0.03700000000000003
15,19,0.03700000000000003
16,19,0.03700000000000003
17,19,0.03700000000000003
18,19,0.03700000000000003
19,19,0.030000000000000027
20,19,0.07399999999999995
21,19,0.07399999999999995
22,19,0.07399999999999995
23,19,0.07399999999999995
24,19,0.07399999999999995
25,19,0.07399999999999995
26,19,0.07399999999999995
27,19,0.07399999999999995
28,19,0.07399999999999995
29,19,0.07399999999999995
30,19,0.07399999999999995
31,19,0.07399999999999995
32,19,0.07399999999999995
33,19,0.07399999999999995
34,19,0.07399999999999995
35,19,0.07399999999999995
36,19,0.07399999999999995
37,19,0.07399999999999995
38,19,0.07399999999999995
39,19,0.07399999999999995
40,19,0.07399999999999995
41,19,0.07399999999999995
42,19,0.07399999999999995
43,19,0.07399999999999995
44,19,0.07399999999999995
45,19,0.07399999999999995
46,19,0.07399999999999995
47,19,0.07399999999999995
48,19,0.07399999999999995
49,19,0.07399999999999995
50,19,0.07399999999999995
1,20,0.03700000000000003
2,20,0.03700000000000003
3,20,0.03700000000000003
4,20,0.03700000000000003
5,20,0.03700000000000003
6,20,0.03700000000000003
7,20,0.03700000000000003
8,20,0.03700000000000003
9,20,0.03700000000000003
10,20,0.03700000000000003
11,20,0.03700000000000003
12,20,0.03700000000000003
13,20,0.03700000000000003
14,20,0.03700000000000003
15,20,0.03700000000000003
16,20,0.03700000000000003
17,20,0.03700000000000003
18,20,0.03700000000000003
19,20,0.03700000000000003
20,20,0.030000000000000027
21,20,0.07399999999999995
22,20,0.07399999999999995
23,20,0.07399999999999995
24,20,0.07399999999999995
25,20,0.07399999999999995
26,20,0.07399999999999995
27,20,0.07399999999999995
28,20,0.07399999999999995
29,20,0.07399999999999995
30,20,0.07399999999999995
31,20,0.07399999999999995
32,20,0.07399999999999995
33,20,0.07399999999999995
34,20,0.07399999999999995
35,20,0.07399999999999995
36,20,0.07399999999999995
37,20,0.07399999999999995
38,20,0.07399999999999995
39,20,0.07399999999999995
40,20,0.07399999999999995
41,20,0.07399999999999995
42,20,0.07399999999999995
43,20,0.07399999999999995
44,20,0.07399999999999995
45,20,0.07399999999999995
46,20,0.07399999999999995
47,20,0.07399999999999995
48,20,0.07399999999999995
49,20,0.07399999999999995
50,20,0.07399999999999995
1,21,0.03700000000000003
2,21,0.03700000000000003
3,21,0.03700000000000003
4,21,0.03700000000000003
5,21,0.03700000000000003
6,21,0.03700000000000003
7,21,0.03700000000000003
8,21,0.03700000000000003
9,21,0.03700000000000003
10,21,0.03700000000000003
11,21,0.03700000000000003
12,21,0.03700000000000003
13,21,0.03700000000000003
14,21,0.03700000000000003
15,21,0.03700000000000003
16,21,0.03700000000000003
17,21,0.03700000000000003
18,21,0.03700000000000003
19,21,0.03700000000000003
20,21,0.03700000000000003
21,21,0.030000000000000027
22,21,0.07399999999999995
23,21,0.07399999999999995
24,21,0.07399999999999995
25,21,0.07399999999999995
26,21,0.07399999999999995
27,21,0.07399999999999995
28,21,0.07399999999999995
29,21,0.07399999999999995
30,21,0.07399999999999995
31,21,0.07399999999999995
32,21,0.07399999999999995
33,21,0.07399999999999995
34,21,0.07399999999999995
35,21,0.07399999999999995
36,21,0.07399999999999995
37,21,0.07399999999999995
38,21,0.07399999999999995
39,21,0.07399999999999995
40,21,0.07399999999999995
41,21,0.07399999999999995
42,21,0.07399999999999995
43,21,0.07399999999999995
44,21,0.07399999999999995
45,21,0.07399999999999995
46,21,0.07399999999999995
47,21,0.07399999999999995
48,21,0.07399999999999995
49,21,0.07399999999999995
50,21,0.07399999999999995
1,22,0.03700000000000003
2,22,0.03700000000000003
3,22,0.03700000000000003
4,22,0.03700000000000003
5,22,0.03700000000000003
6,22,0.03700000000000003
7,22,0.03700000000000003
8,22,0.03700000000000003
9,22,0.03700000000000003
10,22,0.03700000000000003
11,22,0.03700000000000003
12,22,0.03700000000000003
13,22,0.03700000000000003
14,22,0.03700000000000003
15,22,0.03700000000000003
16,22,0.03700000000000003
17,22,0.03700000000000003
18,22,0.03700000000000003
19,22,0.03700000000000003
20,22,0.03700000000000003
21,22,0.03700000000000003
22,22,0.030000000000000027
23,22,0.07399999999999995
24,22,0.07399999999999995
25,22,0.07399999999999995
26,22,0.07399999999999995
27,22,0.07399999999999995
28,22,0.07399999999999995
29,22,0.07399999999999995
30,22,0.07399999999999995
31,22,0.07399999999999995
32,22,0.07399999999999995
33,22,0.07399999999999995
34,22,0.07399999999999995
35,22,0.07399999999999995
36,22,0.07399999999999995
37,22,0.07399999999999995
38,22,0.07399999999999995
39,22,0.07399999999999995
40,22,0.07399999999999995
41,22,0.07399999999999995
42,22,0.07399999999999995
43,22,0.07399999999999995
44,22,0.07399999999999995
45,22,0.07399999999999995
46,22,0.07399999999999995
47,22,0.07399999999999995
48,22,0.07399999999999995
49,22,0.07399999999999995
50,22,0.07399999999999995
1,23,0.03700000000000003
2,23,0.03700000000000003
3,23,0.03700000000000003
4,23,0.03700000000000003
5,23,0.03700000000000003
6,23,0.03700000000000003
7,23,0.03700000000000003
8,23,0.03700000000000003
9,23,0.03700000000000003
10,23,0.03700000000000003
11,23,0.03700000000000003
12,23,0.03700000000000003
13,23,0.03700000000000003
14,23,0.03700000000000003
15,23,0.03700000000000003
16,23,0.03700000000000003
17,23,0.03700000000000003
18,23,0.03700000000000003
19,23,0.03700000000000003
20,23,0.03700000000000003
21,23,0.03700000000000003
22,23,0.03700000000000003
23,23,0.030000000000000027
24,23,0.07399999999999995
25,23,0.07399999999999995
26,23,0.07399999999999995
27,23,0.07399999999999995
28,23,0.07399999999999995
29,23,0.07399999999999995
30,23,0.07399999999999995
31,23,0.07399999999999995
32,23,0.07399999999999995
33,23,0.07399999999999995
34,23,0.07399999999999995
35,23,0.07399999999999995
36,23,0.07399999999999995
37,23,0.07399999999999995
38,23,0.07399999999999995
39,23,0.07399999999999995
40,23,0.07399999999999995
41,23,0.07399999999999995
42,23,0.07399999999999995
43,23,0.07399999999999995
44,23,0.07399999999999995
45,23,0.07399999999999995
46,23,0.07399999999999995
47,23,0.07399999999999995
48,23,0.07399999999999995
49,23,0.07399999999999995
50,23,0.07399999999999995
1,24,0.03700000000000003
2,24,0.03700000000000003
3,24,0.03700000000000003
4,24,0.03700000000000003
5,24,0.03700000000000003
6,24,0.03700000000000003
7,24,0.03700000000000003
8,24,0.03700000000000003
9,24,0.03700000000000003
10,24,0.03700000000000003
11,24,0.03700000000000003
12,24,0.03700000000000003
13,24,0.03700000000000003
14,24,0.03700000000000003
15,24,0.03700000000000003
16,24,0.03700000000000003
17,24,0.03700000000000003
18,24,0.03700000000000003
19,24,0.03700000000000003
20,24,0.03700000000000003
21,24,0.03700000000000003
22,24,0.03700000000000003
23,24,0.03700000000000003
24,24,0.030000000000000027
25,24,0.07399999999999995
26,24,0.07399999999999995
27,24,0.07399999999999995
28,24,0.07399999999999995
29,24,0.07399999999999995
30,24,0.07399999999999995
31,24,0.07399999999999995
32,24,0.07399999999999995
33,24,0.07399999999999995
34,24,0.07399999999999995
35,24,0.07399999999999995
36,24,0.07399999999999995
37,24,0.07399999999999995
38,24,0.07399999999999995
39,24,0.07399999999999995
40,24,0.07399999999999995
41,24,0.07399999999999995
42,24,0.07399999999999995
43,24,0.07399999999999995
44,24,0.07399999999999995
45,24,0.07399999999999995
46,24,0.07399999999999995
47,24,0.07399999999999995
48,24,0.07399999999999995
49,24,0.07399999999999995
50,24,0.07399999999999995
1,25,0.03700000000000003
2,25,0.03700000000000003
3,25,0.03700000000000003
4,25,0.03700000000000003
5,25,0.03700000000000003
6,25,0.03700000000000003
7,25,0.03700000000000003
8,25,0.03700000000000003
9,25,0.03700000000000003
10,25,0.03700000000000003
11,25,0.03700000000000003
12,25,0.03700000000000003
13,25,0.03700000000000003
14,25,0.03700000000000003
15,25,0.03700000000000003
16,25,0.03700000000000003
17,25,0.03700000000000003
18,25,0.03700000000000003
19,25,0.03700000000000003
20,25,0.03700000000000003
21,25,0.03700000000000003
22,25,0.03700000000000003
23,25,0.03700000000000003
24,25,0.03700000000000003
25,25,0.030000000000000027
26,25,0.07399999999999995
27,25,0.07399999999999995
28,25,0.07399999999999995
29,25,0.07399999999999995
30,25,0.07399999999999995
31,25,0.07399999999999995
32,25,0.07399999999999995
33,25,0.07399999999999995
34,25,0.07399999999999995
35,25,0.07399999999999995
36,25,0.07399999999999995
37,25,0.07399999999999995
38,25,0.07399999999999995
39,25,0.07399999999999995
40,25,0.07399999999999995
41,25,0.07399999999999995
42,25,0.07399999999999995
43,25,0.07399999999999995
44,25,0.07399999999999995
45,25,0.07399999999999995
46,25,0.07399999999999995
47,25,0.07399999999999995
48,25,0.07399999999999995
49,25,0.07399999999999995
50,25,0.07399999999999995
1,26,0.03700000000000003
2,26,0.03700000000000003
3,26,0.03700000000000003
4,26,0.03700000000000003
5,26,0.03700000000000003
6,26,0.03700000000000003
7,26,0.03700000000000003
8,26,0.03700000000000003
9,26,0.03700000000000003
10,26,0.03700000000000003
11,26,0.03700000000000003
12,26,0.03700000000000003
13,26,0.03700000000000003
14,26,0.03700000000000003
15,26,0.03700000000000003
16,26,0.03700000000000003
17,26,0.03700000000000003
18,26,0.03700000000000003
19,26,0.03700000000000003
20,26,0.03700000000000003
21,26,0.03700000000000003
22,26,0.03700000000000003
23,26,0.03700000000000003
24,26,0.03700000000000003
25,26,0.03700000000000003
26,26,0.030000000000000027
27,26,0.07399999999999995
28,26,0.07399999999999995
29,26,0.07399999999999995
30,26,0.07399999999999995
31,26,0.07399999999999995
32,26,0.07399999999999995
33,26,0.07399999999999995
34,26,0.07399999999999995
35,26,0.07399999999999995
36,26,0.07399999999999995
37,26,0.07399999999999995
38,26,0.07399999999999995
39,26,0.07399999999999995
40,26,0.07399999999999995
41,26,0.07399999999999995
42,26,0.07399999999999995
43,26,0.07399999999999995
44,26,0.07399999999999995
45,26,0.07399999999999995
46,26,0.07399999999999995
47,26,0.07399999999999995
48,26,0.07399999999999995
49,26,0.07399999999999995
50,26,0.07399999999999995
1,27,0.03700000000000003
2,27,0.03700000000000003
3,27,0.03700000000000003
4,27,0.03700000000000003
5,27,0.03700000000000003
6,27,0.03700000000000003
7,27,0.03700000000000003
8,27,0.03700000000000003
9,27,0.03700000000000003
10,27,0.03700000000000003
11,27,0.03700000000000003
12,27,0.03700000000000003
13,27,0.03700000000000003
14,27,0.03700000000000003
15,27,0.03700000000000003
16,27,0.03700000000000003
17,27,0.03700000000000003
18,27,0.03700000000000003
19,27,0.03700000000000003
20,27,0.03700000000000003
21,27,0.03700000000000003
22,27,0.03700000000000003
23,27,0.03700000000000003
24,27,0.03700000000000003
25,27,0.03700000000000003
26,27,0.03700000000000003
27,27,0.030000000000000027
28,27,0.07399999999999995
29,27,0.07399999999999995
30,27,0.07399999999999995
31,27,0.07399999999999995
32,27,0.07399999999999995
33,27,0.07399999999999995
34,27,0.07399999999999995
35,27,0.07399999999999995
36,27,0.07399999999999995
37,27,0.07399999999999995
38,27,0.07399999999999995
39,27,0.07399999999999995
40,27,0.07399999999999995
41,27,0.07399999999999995
42,27,0.07399999999999995
43,27,0.07399999999999995
44,27,0.07399999999999995
45,27,0.07399999999999995
46,27,0.07399999999999995
47,27,0.07399999999999995
48,27,0.07399999999999995
49,27,0.07399999999999995
50,27,0.07399999999999995
1,28,0.03700000000000003
2,28,0.03700000000000003
3,28,0.03700000000000003
4,28,0.03700000000000003
5,28,0.03700000000000003
6,28,0.03700000000000003
7,28,0.03700000000000003
8,28,0.03700000000000003
9,28,0.03700000000000003
10,28,0.03700000000000003
11,28,0.03700000000000003
12,28,0.03700000000000003
13,28,0.03700000000000003
14,28,0.03700000000000003
15,28,0.03700000000000003
16,28,0.03700000000000003
17,28,0.03700000000000003
18,28,0.03700000000000003
19,28,0.03700000000000003
20,28,0.03700000000000003
21,28,0.03700000000000003
22,28,0.03700000000000003
23,28,0.03700000000000003
24,28,0.03700000000000003
25,28,0.03700000000000003
26,28,0.03700000000000003
27,28,0.03700000000000003
28,28,0.030000000000000027
29,28,0.07399999999999995
30,28,0.07399999999999995
31,28,0.07399999999999995
32,28,0.07399999999999995
33,28,0.07399999999999995
34,28,0.07399999999999995
35,28,0.07399999999999995
36,28,0.07399999999999995
37,28,0.07399999999999995
38,28,0.07399999999999995
39,28,0.07399999999999995
40,28,0.07399999999999995
41,28,0.07399999999999995
42,28,0.07399999999999995
43,28,0.07399999999999995
44,28,0.07399999999999995
45,28,0.07399999999999995
46,28,0.07399999999999995
47,28,0.07399999999999995
48,28,0.07399999999999995
49,28,0.07399999999999995
50,28,0.07399999999999995
1,29,0.03700000000000003
2,29,0.03700000000000003
3,29,0.03700000000000003
4,29,0.03700000000000003
5,29,0.03700000000000003
6,29,0.03700000000000003
7,29,0.03700000000000003
8,29,0.03700000000000003
9,29,0.03700000000000003
10,29,0.03700000000000003
11,29,0.03700000000000003
12,29,0.03700000000000003
13,29,0.03700000000000003
14,29,0.03700000000000003
15,29,0.03700000000000003
16,29,0.03700000000000003
17,29,0.03700000000000003
18,29,0.03700000000000003
19,29,0.03700000000000003
20,29,0.03700000000000003
21,29,0.03700000000000003
22,29,0.03700000000000003
23,29,0.03700000000000003
24,29,0.03700000000000003
25,29,0.03700000000000003
26,29,0.03700000000000003
27,29,0.03700000000000003
28,29,0.03700000000000003
29,29,0.030000000000000027
30,29,0.07399999999999995
31,29,0.07399999999999995
32,29,0.07399999999999995
33,29,0.07399999999999995
34,29,0.07399999999999995
35,29,0.07399999999999995
36,29,0.07399999999999995
37,29,0.07399999999999995
38,29,0.07399999999999995
39,29,0.07399999999999995
40,29,0.07399999999999995
41,29,0.07399999999999995
42,29,0.07399999999999995
43,29,0.07399999999999995
44,29,0.07399999999999995
45,29,0.07399999999999995
46,29,0.07399999999999995
47,29,0.07399999999999995
48,29,0.07399999999999995
49,29,0.07399999999999995
50,29,0.07399999999999995
1,30,0.03700000000000003
2,30,0.03700000000000003
3,30,0.03700000000000003
4,30,0.03700000000000003
5,30,0.03700000000000003
6,30,0.03700000000000003
7,30,0.03700000000000003
8,30,0.03700000000000003
9,30,0.03700000000000003
10,30,0.03700000000000003
11,30,0.03700000000000003
12,30,0.03700000000000003
13,30,0.03700000000000003
14,30,0.03700000000000003
15,30,0.03700000000000003
16,30,0.03700000000000003
17,30,0.03700000000000003
18,30,0.03700000000000003
19,30,0.03700000000000003
20,30,0.03700000000000003
21,30,0.03700000000000003
22,30,0.03700000000000003
23,30,0.03700000000000003
24,30,0.03700000000000003
25,30,0.03700000000000003
26,30,0.03700000000000003
27,30,0.03700000000000003
28,30,0.03700000000000003
29,30,0.03700000000000003
30,30,0.030000000000000027
31,30,0.07399999999999995
32,30,0.07399999999999995
33,30,0.07399999999999995
34,30,0.07399999999999995
35,30,0.07399999999999995
36,30,0.07399999999999995
37,30,0.07399999999999995
38,30,0.07399999999999995
39,30,0.07399999999999995
40,30,0.07399999999999995
41,30,0.07399999999999995
42,30,0.07399999999999995
43,30,0.07399999999999995
44,30,0.07399999999999995
45,30,0.07399999999999995
46,30,0.07399999999999995
47,30,0.07399999999999995
48,30,0.07399999999999995
49,30,0.07399999999999995
50,30,0.07399999999999995
1,31,0.03700000000000003
2,31,0.03700000000000003
3,31,0.03700000000000003
4,31,0.03700000000000003
5,31,0.03700000000000003
6,31,0.03700000000000003
7,31,0.03700000000000003
8,31,0.03700000000000003
9,31,0.03700000000000003
10,31,0.03700000000000003
11,31,0.03700000000000003
12,31,0.03700000000000003
13,31,0.03700000000000003
14,31,0.03700000000000003
15,31,0.03700000000000003
16,31,0.03700000000000003
17,31,0.03700000000000003
18,31,0.03700000000000003
19,31,0.03700000000000003
20,31,0.03700000000000003
21,31,0.03700000000000003
22,31,0.03700000000000003
23,31,0.03700000000000003
24,31,0.03700000000000003
25,31,0.03700000000000003
26,31,0.03700000000000003
27,31,0.03700000000000003
28,31,0.03700000000000003
29,31,0.03700000000000003
30,31,0.03700000000000003
31,31,0.030000000000000027
32,31,0.07399999999999995
33,31,0.07399999999999995
34,31,0.07399999999999995
35,31,0.07399999999999995
36,31,0.07399999999999995
37,31,0.07399999999999995
38,31,0.07399999999999995
39,31,0.07399999999999995
40,31,0.07399999999999995
41,31,0.07399999999999995
42,31,0.07399999999999995
43,31,0.07399999999999995
44,31,0.07399999999999995
45,31,0.07399999999999995
46,31,0.07399999999999995
47,31,0.07399999999999995
48,31,0.07399999999999995
49,31,0.07399999999999995
50,31,0.07399999999999995
1,32,0.03700000000000003
2,32,0.03700000000000003
3,32,0.03700000000000003
4,32,0.03700000000000003
5,32,0.03700000000000003
6,32,0.03700000000000003
7,32,0.03700000000000003
8,32,0.03700000000000003
9,32,0.03700000000000003
10,32,0.03700000000000003
11,32,0.03700000000000003
12,32,0.03700000000000003
13,32,0.03700000000000003
14,32,0.03700000000000003
15,32,0.03700000000000003
16,32,0.03700000000000003
17,32,0.03700000000000003
18,32,0.03700000000000003
19,32,0.03700000000000003
20,32,0.03700000000000003
21,32,0.03700000000000003
22,32,0.03700000000000003
23,32,0.03700000000000003
24,32,0.03700000000000003
25,32,0.03700000000000003
26,32,0.03700000000000003
27,32,0.03700000000000003
28,32,0.03700000000000003
29,32,0.03700000000000003
30,32,0.03700000000000003
31,32,0.03700000000000003
32,32,0.030000000000000027
33,32,0.07399999999999995
34,32,0.07399999999999995
35,32,0.07399999999999995
36,32,0.07399999999999995
37,32,0.07399999999999995
38,32,0.07399999999999995
39,32,0.07399999999999995
40,32,0.07399999999999995
41,32,0.07399999999999995
42,32,0.07399999999999995
43,32,0.07399999999999995
44,32,0.07399999999999995
45,32,0.07399999999999995
46,32,0.07399999999999995
47,32,0.07399999999999995
48,32,0.07399999999999995
49,32,0.07399999999999995
50,32,0.07399999999999995
1,33,0.03700000000000003
2,33,0.03700000000000003
3,33,0.03700000000000003
4,33,0.03700000000000003
5,33,0.03700000000000003
6,33,0.03700000000000003
7,33,0.03700000000000003
8,33,0.03700000000000003
9,33,0.03700000000000003
10,33,0.03700000000000003
11,33,0.03700000000000003
12,33,0.03700000000000003
13,33,0.03700000000000003
14,33,0.03700000000000003
15,33,0.03700000000000003
16,33,0.03700000000000003
17,33,0.03700000000000003
18,33,0.03700000000000003
19,33,0.03700000000000003
20,33,0.03700000000000003
21,33,0.03700000000000003
22,33,0.03700000000000003
23,33,0.03700000000000003
24,33,0.03700000000000003
25,33,0.03700000000000003
26,33,0.03700000000000003
27,33,0.03700000000000003
28,33,0.03700000000000003
29,33,0.03700000000000003
30,33,0.03700000000000003
31,33,0.03700000000000003
32,33,0.03700000000000003
33,33,0.030000000000000027
34,33,0.07399999999999995
35,33,0.07399999999999995
36,33,0.07399999999999995
37,33,0.07399999999999995
38,33,0.07399999999999995
39,33,0.07399999999999995
40,33,0.07399999999999995
41,33,0.07399999999999995
42,33,0.07399999999999995
43,33,0.07399999999999995
44,33,0.07399999999999995
45,33,0.07399999999999995
46,33,0.07399999999999995
47,33,0.07399999999999995
48,33,0.07399999999999995
49,33,0.07399999999999995
50,33,0.07399999999999995
1,34,0.03700000000000003
2,34,0.03700000000000003
3,34,0.03700000000000003
4,34,0.03700000000000003
5,34,0.03700000000000003
6,34,0.03700000000000003
7,34,0.03700000000000003
8,34,0.03700000000000003
9,34,0.03700000000000003
10,34,0.03700000000000003
11,34,0.03700000000000003
12,34,0.03700000000000003
13,34,0.03700000000000003
14,34,0.03700000000000003
15,34,0.03700000000000003
16,34,0.03700000000000003
17,34,0.03700000000000003
18,34,0.03700000000000003
19,34,0.03700000000000003
20,34,0.03700000000000003
21,34,0.03700000000000003
22,34,0.03700000000000003
23,34,0.03700000000000003
24,34,0.03700000000000003
25,34,0.03700000000000003
26,34,0.03700000000000003
27,34,0.03700000000000003
28,34,0.03700000000000003
29,34,0.03700000000000003
30,34,0.03700000000000003
31,34,0.03700000000000003
32,34,0.03700000000000003
33,34,0.03700000000000003
34,34,0.030000000000000027
35,34,0.07399999999999995
36,34,0.07399999999999995
37,34,0.07399999999999995
38,34,0.07399999999999995
39,34,0.07399999999999995
40,34,0.07399999999999995
41,34,0.07399999999999995
42,34,0.07399999999999995
43,34,0.07399999999999995
44,34,0.07399999999999995
45,34,0.07399999999999995
46,34,0.07399999999999995
47,34,0.07399999999999995
48,34,0.07399999999999995
49,34,0.07399999999999995
50,34,0.07399999999999995
1,35,0.03700000000000003
2,35,0.03700000000000003
3,35,0.03700000000000003
4,35,0.03700000000000003
5,35,0.03700000000000003
6,35,0.03700000000000003
7,35,0.03700000000000003
8,35,0.03700000000000003
9,35,0.03700000000000003
10,35,0.03700000000000003
11,35,0.03700000000000003
12,35,0.03700000000000003
13,35,0.03700000000000003
14,35,0.03700000000000003
15,35,0.03700000000000003
16,35,0.03700000000000003
17,35,0.03700000000000003
18,35,0.03700000000000003
19,35,0.03700000000000003
20,35,0.03700000000000003
21,35,0.03700000000000003
22,35,0.03700000000000003
23,35,0.03700000000000003
24,35,0.03700000000000003
25,35,0.03700000000000003
26,35,0.03700000000000003
27,35,0.03700000000000003
28,35,0.03700000000000003
29,35,0.03700000000000003
30,35,0.03700000000000003
31,35,0.03700000000000003
32,35,0.03700000000000003
33,35,0.03700000000000003
34,35,0.03700000000000003
35,35,0.030000000000000027
36,35,0.07399999999999995
37,35,0.07399999999999995
38,35,0.07399999999999995
39,35,0.07399999999999995
40,35,0.07399999999999995
41,35,0.07399999999999995
42,35,0.07399999999999995
43,35,0.07399999999999995
44,35,0.07399999999999995
45,35,0.07399999999999995
46,35,0.07399999999999995
47,35,0.07399999999999995
48,35,0.07399999999999995
49,35,0.07399999999999995
50,35,0.07399999999999995
1,36,0.03700000000000003
2,36,0.03700000000000003
3,36,0.03700000000000003
4,36,0.03700000000000003
5,36,0.03700000000000003
6,36,0.03700000000000003
7,36,0.03700000000000003
8,36,0.03700000000000003
9,36,0.03700000000000003
10,36,0.03700000000000003
11,36,0.03700000000000003
12,36,0.03700000000000003
13,36,0.03700000000000003
14,36,0.03700000000000003
15,36,0.03700000000000003
16,36,0.03700000000000003
17,36,0.03700000000000003
18,36,0.03700000000000003
19,36,0.03700000000000003
20,36,0.03700000000000003
21,36,0.03700000000000003
22,36,0.03700000000000003
23,36,0.03700000000000003
24,36,0.03700000000000003
25,36,0.03700000000000003
26,36,0.03700000000000003
27,36,0.03700000000000003
28,36,0.03700000000000003
29,36,0.03700000000000003
30,36,0.03700000000000003
31,36,0.03700000000000003
32,36,0.03700000000000003
33,36,0.03700000000000003
34,36,0.03700000000000003
35,36,0.03700000000000003
36,36,0.030000000000000027
37,36,0.07399999999999995
38,36,0.07399999999999995
39,36,0.07399999999999995
40,36,0.07399999999999995
41,36,0.07399999999999995
42,36,0.07399999999999995
43,36,0.07399999999999995
44,36,0.07399999999999995
45,36,0.07399999999999995
46,36,0.07399999999999995
47,36,0.07399999999999995
48,36,0.07399999999999995
49,36,0.07399999999999995
50,36,0.07399999999999995
1,37,0.03700000000000003
2,37,0.03700000000000003
3,37,0.03700000000000003
4,37,0.03700000000000003
5,37,0.03700000000000003
6,37,0.03700000000000003
7,37,0.03700000000000003
8,37,0.03700000000000003
9,37,0.03700000000000003
10,37,0.03700000000000003
11,37,0.03700000000000003
12,37,0.03700000000000003
13,37,0.03700000000000003
14,37,0.03700000000000003
15,37,0.03700000000000003
16,37,0.03700000000000003
17,37,0.03700000000000003
18,37,0.03700000000000003
19,37,0.03700000000000003
20,37,0.03700000000000003
21,37,0.03700000000000003
22,37,0.03700000000000003
23,37,0.03700000000000003
24,37,0.03700000000000003
25,37,0.03700000000000003
26,37,0.03700000000000003
27,37,0.03700000000000003
28,37,0.03700000000000003
29,37,0.03700000000000003
30,37,0.03700000000000003
31,37,0.03700000000000003
32,37,0.03700000000000003
33,37,0.03700000000000003
34,37,0.03700000000000003
35,37,0.03700000000000003
36,37,0.03700000000000003
37,37,0.030000000000000027
38,37,0.07399999999999995
39,37,0.07399999999999995
40,37,0.07399999999999995
41,37,0.07399999999999995
42,37,0.07399999999999995
43,37,0.07399999999999995
44,37,0.07399999999999995
45,37,0.07399999999999995
46,37,0.07399999999999995
47,37,0.07399999999999995
48,37,0.07399999999999995
49,37,0.07399999999999995
50,37,0.07399999999999995
1,38,0.03700000000000003
2,38,0.03700000000000003
3,38,0.03700000000000003
4,38,0.03700000000000003
5,38,0.03700000000000003
6,38,0.03700000000000003
7,38,0.03700000000000003
8,38,0.03700000000000003
9,38,0.03700000000000003
10,38,0.03700000000000003
11,38,0.03700000000000003
12,38,0.03700000000000003
13,38,0.03700000000000003
14,38,0.03700000000000003
15,38,0.03700000000000003
16,38,0.03700000000000003
17,38,0.03700000000000003
18,38,0.03700000000000003
19,38,0.03700000000000003
20,38,0.03700000000000003
21,38,0.03700000000000003
22,38,0.03700000000000003
23,38,0.03700000000000003
24,38,0.03700000000000003
25,38,0.03700000000000003
26,38,0.03700000000000003
27,38,0.03700000000000003
28,38,0.03700000000000003
29,38,0.03700000000000003
30,38,0.03700000000000003
31,38,0.03700000000000003
32,38,0.03700000000000003
33,38,0.03700000000000003
34,38,0.03700000000000003
35,38,0.03700000000000003
36,38,0.03700000000000003
37,38,0.03700000000000003
38,38,0.030000000000000027
39,38,0.07399999999999995
40,38,0.07399999999999995
41,38,0.07399999999999995
42,38,0.07399999999999995
43,38,0.07399999999999995
44,38,0.07399999999999995
45,38,0.07399999999999995
46,38,0.07399999999999995
47,38,0.07399999999999995
48,38,0.07399999999999995
49,38,0.07399999999999995
50,38,0.07399999999999995
1,39,0.03700000000000003
2,39,0.03700000000000003
3,39,0.03700000000000003
4,39,0.03700000000000003
5,39,0.03700000000000003
6,39,0.03700000000000003
7,39,0.03700000000000003
8,39,0.03700000000000003
9,39,0.03700000000000003
10,39,0.03700000000000003
11,39,0.03700000000000003
12,39,0.03700000000000003
13,39,0.03700000000000003
14,39,0.03700000000000003
15,39,0.03700000000000003
16,39,0.03700000000000003
17,39,0.03700000000000003
18,39,0.03700000000000003
19,39,0.03700000000000003
20,39,0.03700000000000003
21,39,0.03700000000000003
22,39,0.03700000000000003
23,39,0.03700000000000003
24,39,0.03700000000000003
25,39,0.03700000000000003
26,39,0.03700000000000003
27,39,0.03700000000000003
28,39,0.03700000000000003
29,39,0.03700000000000003
30,39,0.03700000000000003
31,39,0.03700000000000003
32,39,0.03700000000000003
33,39,0.03700000000000003
34,39,0.03700000000000003
35,39,0.03700000000000003
36,39,0.03700000000000003
37,39,0.03700000000000003
38,39,0.03700000000000003
39,39,0.030000000000000027
40,39,0.07399999999999995
41,39,0.07399999999999995
42,39,0.07399999999999995
43,39,0.07399999999999995
44,39,0.07399999999999995
45,39,0.07399999999999995
46,39,0.07399999999999995
47,39,0.07399999999999995
48,39,0.07399999999999995
49,39,0.07399999999999995
50,39,0.07399999999999995
1,40,0.03700000000000003
2,40,0.03700000000000003
3,40,0.03700000000000003
4,40,0.03700000000000003
5,40,0.03700000000000003
6,40,0.03700000000000003
7,40,0.03700000000000003
8,40,0.03700000000000003
9,40,0.03700000000000003
10,40,0.03700000000000003
11,40,0.03700000000000003
12,40,0.03700000000000003
13,40,0.03700000000000003
14,40,0.03700000000000003
15,40,0.03700000000000003
16,40,0.03700000000000003
17,40,0.03700000000000003
18,40,0.03700000000000003
19,40,0.03700000000000003
20,40,0.03700000000000003
21,40,0.03700000000000003
22,40,0.03700000000000003
23,40,0.03700000000000003
24,40,0.03700000000000003
25,40,0.03700000000000003
26,40,0.03700000000000003
27,40,0.03700000000000003
28,40,0.03700000000000003
29,40,0.03700000000000003
30,40,0.03700000000000003
31,40,0.03700000000000003
32,40,0.03700000000000003
33,40,0.03700000000000003
34,40,0.03700000000000003
35,40,0.03700000000000003
36,40,0.03700000000000003
37,40,0.03700000000000003
38,40,0.03700000000000003
39,40,0.03700000000000003
40,40,0.030000000000000027
41,40,0.07399999999999995
42,40,0.07399999999999995
43,40,0.07399999999999995
44,40,0.07399999999999995
45,40,0.07399999999999995
46,40,0.07399999999999995
47,40,0.07399999999999995
48,40,0.07399999999999995
49,40,0.07399999999999995
50,40,0.07399999999999995
1,41,0.03700000000000003
2,41,0.03700000000000003
3,41,0.03700000000000003
4,41,0.03700000000000003
5,41,0.03700000000000003
6,41,0.03700000000000003
7,41,0.03700000000000003
8,41,0.03700000000000003
9,41,0.03700000000000003
10,41,0.03700000000000003
11,41,0.03700000000000003
12,41,0.03700000000000003
13,41,0.03700000000000003
14,41,0.03700000000000003
15,41,0.03700000000000003
16,41,0.03700000000000003
17,41,0.03700000000000003
18,41,0.03700000000000003
19,41,0.03700000000000003
20,41,0.03700000000000003
21,41,0.03700000000000003
22,41,0.03700000000000003
23,41,0.03700000000000003
24,41,0.03700000000000003
25,41,0.03700000000000003
26,41,0.03700000000000003
27,41,0.03700000000000003
28,41,0.03700000000000003
29,41,0.03700000000000003
30,41,0.03700000000000003
31,41,0.03700000000000003
32,41,0.03700000000000003
33,41,0.03700000000000003
34,41,0.03700000000000003
35,41,0.03700000000000003
36,41,0.03700000000000003
37,41,0.03700000000000003
38,41,0.03700000000000003
39,41,0.03700000000000003
40,41,0.03700000000000003
41,41,0.030000000000000027
42,41,0.07399999999999995
43,41,0.07399999999999995
44,41,0.07399999999999995
45,41,0.07399999999999995
46,41,0.07399999999999995
47,41,0.07399999999999995
48,41,0.07399999999999995
49,41,0.07399999999999995
50,41,0.07399999999999995
1,42,0.03700000000000003
2,42,0.03700000000000003
3,42,0.03700000000000003
4,42,0.03700000000000003
5,42,0.03700000000000003
6,42,0.03700000000000003
7,42,0.03700000000000003
8,42,0.03700000000000003
9,42,0.03700000000000003
10,42,0.03700000000000003
11,42,0.03700000000000003
12,42,0.03700000000000003
13,42,0.03700000000000003
14,42,0.03700000000000003
15,42,0.03700000000000003
16,42,0.03700000000000003
17,42,0.03700000000000003
18,42,0.03700000000000003
19,42,0.03700000000000003
20,42,0.03700000000000003
21,42,0.03700000000000003
22,42,0.03700000000000003
23,42,0.03700000000000003
24,42,0.03700000000000003
25,42,0.03700000000000003
26,42,0.03700000000000003
27,42,0.03700000000000003
28,42,0.03700000000000003
29,42,0.03700000000000003
30,42,0.03700000000000003
31,42,0.03700000000000003
32,42,0.03700000000000003
33,42,0.03700000000000003
34,42,0.03700000000000003
35,42,0.03700000000000003
36,42,0.03700000000000003
37,42,0.03700000000000003
38,42,0.03700000000000003
39,42,0.03700000000000003
40,42,0.03700000000000003
41,42,0.03700000000000003
42,42,0.030000000000000027
43,42,0.07399999999999995
44,42,0.07399999999999995
45,42,0.07399999999999995
46,42,0.07399999999999995
47,42,0.07399999999999995
48,42,0.07399999999999995
49,42,0.07399999999999995
50,42,0.07399999999999995
1,43,0.03700000000000003
2,43,0.03700000000000003
3,43,0.03700000000000003
4,43,0.03700000000000003
5,43,0.03700000000000003
6,43,0.03700000000000003
7,43,0.03700000000000003
8,43,0.03700000000000003
9,43,0.03700000000000003
10,43,0.03700000000000003
11,43,0.03700000000000003
12,43,0.03700000000000003
13,43,0.03700000000000003
14,43,0.03700000000000003
15,43,0.03700000000000003
16,43,0.03700000000000003
17,43,0.03700000000000003
18,43,0.03700000000000003
19,43,0.03700000000000003
20,43,0.03700000000000003
21,43,0.03700000000000003
22,43,0.03700000000000003
23,43,0.03700000000000003
24,43,0.03700000000000003
25,43,0.03700000000000003
26,43,0.03700000000000003
27,43,0.03700000000000003
28,43,0.03700000000000003
29,43,0.03700000000000003
30,43,0.03700000000000003
31,43,0.03700000000000003
32,43,0.03700000000000003
33,43,0.03700000000000003
34,43,0.03700000000000003
35,43,0.03700000000000003
36,43,0.03700000000000003
37,43,0.03700000000000003
38,43,0.03700000000000003
39,43,0.03700000000000003
40,43,0.03700000000000003
41,43,0.03700000000000003
42,43,0.03700000000000003
43,43,0.030000000000000027
44,43,0.07399999999999995
45,43,0.07399999999999995
46,43,0.07399999999999995
47,43,0.07399999999999995
48,43,0.07399999999999995
49,43,0.07399999999999995
50,43,0.07399999999999995
1,44,0.03700000000000003
2,44,0.03700000000000003
3,44,0.03700000000000003
4,44,0.03700000000000003
5,44,0.03700000000000003
6,44,0.03700000000000003
7,44,0.03700000000000003
8,44,0.03700000000000003
9,44,0.03700000000000003
10,44,0.03700000000000003
11,44,0.03700000000000003
12,44,0.03700000000000003
13,44,0.03700000000000003
14,44,0.03700000000000003
15,44,0.03700000000000003
16,44,0.03700000000000003
17,44,0.03700000000000003
18,44,0.03700000000000003
19,44,0.03700000000000003
20,44,0.03700000000000003
21,44,0.03700000000000003
22,44,0.03700000000000003
23,44,0.03700000000000003
24,44,0.03700000000000003
25,44,0.03700000000000003
26,44,0.03700000000000003
27,44,0.03700000000000003
28,44,0.03700000000000003
29,44,0.03700000000000003
30,44,0.03700000000000003
31,44,0.03700000000000003
32,44,0.03700000000000003
33,44,0.03700000000000003
34,44,0.03700000000000003
35,44,0.03700000000000003
36,44,0.03700000000000003
37,44,0.03700000000000003
38,44,0.03700000000000003
39,44,0.03700000000000003
40,44,0.03700000000000003
41,44,0.03700000000000003
42,44,0.03700000000000003
43,44,0.03700000000000003
44,44,0.030000000000000027
45,44,0.07399999999999995
46,44,0.07399999999999995
47,44,0.07399999999999995
48,44,0.07399999999999995
49,44,0.07399999999999995
50,44,0.07399999999999995
1,45,0.03700000000000003
2,45,0.03700000000000003
3,45,0.03700000000000003
4,45,0.03700000000000003
5,45,0.03700000000000003
6,45,0.03700000000000003
7,45,0.03700000000000003
8,45,0.03700000000000003
9,45,0.03700000000000003
10,45,0.03700000000000003
11,45,0.03700000000000003
12,45,0.03700000000000003
13,45,0.03700000000000003
14,45,0.03700000000000003
15,45,0.03700000000000003
16,45,0.03700000000000003
17,45,0.03700000000000003
18,45,0.03700000000000003
19,45,0.03700000000000003
20,45,0.03700000000000003
21,45,0.03700000000000003
22,45,0.03700000000000003
23,45,0.03700000000000003
24,45,0.03700000000000003
25,45,0.03700000000000003
26,45,0.03700000000000003
27,45,0.03700000000000003
28,45,0.03700000000000003
29,45,0.03700000000000003
30,45,0.03700000000000003
31,45,0.03700000000000003
32,45,0.03700000000000003
33,45,0.03700000000000003
34,45,0.03700000000000003
35,45,0.03700000000000003
36,45,0.03700000000000003
37,45,0.03700000000000003
38,45,0.03700000000000003
39,45,0.03700000000000003
40,45,0.03700000000000003
41,45,0.03700000000000003
42,45,0.03700000000000003
43,45,0.03700000000000003
44,45,0.03700000000000003
45,45,0.030000000000000027
46,45,0.07399999999999995
47,45,0.07399999999999995
48,45,0.07399999999999995
49,45,0.07399999999999995
50,45,0.07399999999999995
1,46,0.03700000000000003
2,46,0.03700000000000003
3,46,0.03700000000000003
4,46,0.03700000000000003
5,46,0.03700000000000003
6,46,0.03700000000000003
7,46,0.03700000000000003
8,46,0.03700000000000003
9,46,0.03700000000000003
10,46,0.03700000000000003
11,46,0.03700000000000003
12,46,0.03700000000000003
13,46,0.03700000000000003
14,46,0.03700000000000003
15,46,0.03700000000000003
16,46,0.03700000000000003
17,46,0.03700000000000003
18,46,0.03700000000000003
19,46,0.03700000000000003
20,46,0.03700000000000003
21,46,0.03700000000000003
22,46,0.03700000000000003
23,46,0.03700000000000003
24,46,0.03700000000000003
25,46,0.03700000000000003
26,46,0.03700000000000003
27,46,0.03700000000000003
28,46,0.03700000000000003
29,46,0.03700000000000003
30,46,0.03700000000000003
31,46,0.03700000000000003
32,46,0.03700000000000003
33,46,0.03700000000000003
34,46,0.03700000000000003
35,46,0.03700000000000003
36,46,0.03700000000000003
37,46,0.03700000000000003
38,46,0.03700000000000003
39,46,0.03700000000000003
40,46,0.03700000000000003
41,46,0.03700000000000003
42,46,0.03700000000000003
43,46,0.03700000000000003
44,46,0.03700000000000003
45,46,0.03700000000000003
46,46,0.030000000000000027
47,46,0.07399999999999995
48,46,0.07399999999999995
49,46,0.07399999999999995
50,46,0.07399999999999995
1,47,0.03700000000000003
2,47,0.03700000000000003
3,47,0.03700000000000003
4,47,0.03700000000000003
5,47,0.03700000000000003
6,47,0.03700000000000003
7,47,0.03700000000000003
8,47,0.03700000000000003
9,47,0.03700000000000003
10,47,0.03700000000000003
11,47,0.03700000000000003
12,47,0.03700000000000003
13,47,0.03700000000000003
14,47,0.03700000000000003
15,47,0.03700000000000003
16,47,0.03700000000000003
17,47,0.03700000000000003
18,47,0.03700000000000003
19,47,0.03700000000000003
20,47,0.03700000000000003
21,47,0.03700000000000003
22,47,0.03700000000000003
23,47,0.03700000000000003
24,47,0.03700000000000003
25,47,0.03700000000000003
26,47,0.03700000000000003
27,47,0.03700000000000003
28,47,0.03700000000000003
29,47,0.03700000000000003
30,47,0.03700000000000003
31,47,0.03700000000000003
32,47,0.03700000000000003
33,47,0.03700000000000003
34,47,0.03700000000000003
35,47,0.03700000000000003
36,47,0.03700000000000003
37,47,0.03700000000000003
38,47,0.03700000000000003
39,47,0.03700000000000003
40,47,0.03700000000000003
41,47,0.03700000000000003
42,47,0.03700000000000003
43,47,0.03700000000000003
44,47,0.03700000000000003
45,47,0.03700000000000003
46,47,0.03700000000000003
47,47,0.030000000000000027
48,47,0.07399999999999995
49,47,0.07399999999999995
50,47,0.07399999999999995
1,48,0.03700000000000003
2,48,0.03700000000000003
3,48,0.03700000000000003
4,48,0.03700000000000003
5,48,0.03700000000000003
6,48,0.03700000000000003
7,48,0.03700000000000003
8,48,0.03700000000000003
9,48,0.03700000000000003
10,48,0.03700000000000003
11,48,0.03700000000000003
12,48,0.03700000000000003
13,48,0.03700000000000003
14,48,0.03700000000000003
15,48,0.03700000000000003
16,48,0.03700000000000003
17,48,0.03700000000000003
18,48,0.03700000000000003
19,48,0.03700000000000003
20,48,0.03700000000000003
21,48,0.03700000000000003
22,48,0.03700000000000003
23,48,0.03700000000000003
24,48,0.03700000000000003
25,48,0.03700000000000003
26,48,0.03700000000000003
27,48,0.03700000000000003
28,48,0.03700000000000003
29,48,0.03700000000000003
30,48,0.03700000000000003
31,48,0.03700000000000003
32,48,0.03700000000000003
33,48,0.03700000000000003
34,48,0.03700000000000003
35,48,0.03700000000000003
36,48,0.03700000000000003
37,48,0.03700000000000003
38,48,0.03700000000000003
39,48,0.03700000000000003
40,48,0.03700000000000003
41,48,0.03700000000000003
42,48,0.03700000000000003
43,48,0.03700000000000003
44,48,0.03700000000000003
45,48,0.03700000000000003
46,48,0.03700000000000003
47,48,0.03700000000000003
48,48,0.030000000000000027
49,48,0.07399999999999995
50,48,0.07399999999999995
1,49,0.03700000000000003
2,49,0.03700000000000003
3,49,0.03700000000000003
4,49,0.03700000000000003
5,49,0.03700000000000003
6,49,0.03700000000000003
7,49,0.03700000000000003
8,49,0.03700000000000003
9,49,0.03700000000000003
10,49,0.03700000000000003
11,49,0.03700000000000003
12,49,0.03700000000000003
13,49,0.03700000000000003
14,49,0.03700000000000003
15,49,0.03700000000000003
16,49,0.03700000000000003
17,49,0.03700000000000003
18,49,0.03700000000000003
19,49,0.03700000000000003
20,49,0.03700000000000003
21,49,0.03700000000000003
22,49,0.03700000000000003
23,49,0.03700000000000003
24,49,0.03700000000000003
25,49,0.03700000000000003
26,49,0.03700000000000003
27,49,0.03700000000000003
28,49,0.03700000000000003
29,49,0.03700000000000003
30,49,0.03700000000000003
31,49,0.03700000000000003
32,49,0.03700000000000003
33,49,0.03700000000000003
34,49,0.03700000000000003
35,49,0.03700000000000003
36,49,0.03700000000000003
37,49,0.03700000000000003
38,49,0.03700000000000003
39,49,0.03700000000000003
40,49,0.03700000000000003
41,49,0.03700000000000003
42,49,0.03700000000000003
43,49,0.03700000000000003
44,49,0.03700000000000003
45,49,0.03700000000000003
46,49,0.03700000000000003
47,49,0.03700000000000003
48,49,0.03700000000000003
49,49,0.030000000000000027
50,49,0.07399999999999995
1,50,0.03700000000000003
2,50,0.03700000000000003
3,50,0.03700000000000003
4,50,0.03700000000000003
5,50,0.03700000000000003
6,50,0.03700000000000003
7,50,0.03700000000000003
8,50,0.03700000000000003
9,50,0.03700000000000003
10,50,0.03700000000000003
11,50,0.03700000000000003
12,50,0.03700000000000003
13,50,0.03700000000000003
14,50,0.03700000000000003
15,50,0.03700000000000003
16,50,0.03700000000000003
17,50,0.03700000000000003
18,50,0.03700000000000003
19,50,0.03700000000000003
20,50,0.03700000000000003
21,50,0.03700000000000003
22,50,0.03700000000000003
23,50,0.03700000000000003
24,50,0.03700000000000003
25,50,0.03700000000000003
26,50,0.03700000000000003
27,50,0.03700000000000003
28,50,0.03700000000000003
29,50,0.03700000000000003
30,50,0.03700000000000003
31,50,0.03700000000000003
32,50,0.03700000000000003
33,50,0.03700000000000003
34,50,0.03700000000000003
35,50,0.03700000000000003
36,50,0.03700000000000003
37,50,0.03700000000000003
38,50,0.03700000000000003
39,50,0.03700000000000003
40,50,0.03700000000000003
41,50,0.03700000000000003
42,50,0.03700000000000003
43,50,0.03700000000000003
44,50,0.03700000000000003
45,50,0.03700000000000003
46,50,0.03700000000000003
47,50,0.03700000000000003
48,50,0.03700000000000003
49,50,0.03700000000000003
50,50,0.030000000000000027
